Date;Close;High;Low;Open
2020-01-02;840.0;850.0;825.0;845.0
2020-01-03;850.0;850.0;840.0;845.0
2020-01-06;885.0;890.0;855.0;860.0
2020-01-07;875.0;895.0;865.0;885.0
2020-01-08;905.0;920.0;890.0;895.0
2020-01-09;880.0;900.0;875.0;895.0
2020-01-10;885.0;885.0;865.0;880.0
2020-01-13;870.0;890.0;870.0;885.0
2020-01-14;850.0;870.0;845.0;870.0
2020-01-15;835.0;865.0;830.0;850.0
2020-01-16;845.0;860.0;840.0;850.0
2020-01-17;840.0;845.0;835.0;840.0
2020-01-20;795.0;850.0;785.0;840.0
2020-01-21;795.0;810.0;780.0;795.0
2020-01-22;770.0;805.0;755.0;800.0
2020-01-23;780.0;790.0;765.0;785.0
2020-01-24;785.0;790.0;775.0;780.0
2020-01-27;750.0;790.0;745.0;790.0
2020-01-28;750.0;760.0;730.0;750.0
2020-01-29;750.0;765.0;750.0;760.0
2020-01-30;740.0;760.0;740.0;750.0
2020-01-31;720.0;745.0;715.0;745.0
2020-02-03;715.0;730.0;705.0;725.0
2020-02-04;730.0;735.0;715.0;725.0
2020-02-05;725.0;735.0;715.0;730.0
2020-02-06;735.0;735.0;715.0;730.0
2020-02-07;730.0;740.0;720.0;730.0
2020-02-10;720.0;750.0;710.0;750.0
2020-02-11;720.0;730.0;715.0;730.0
2020-02-12;715.0;725.0;705.0;720.0
2020-02-13;680.0;720.0;680.0;715.0
2020-02-14;675.0;690.0;665.0;680.0
2020-02-17;680.0;690.0;670.0;675.0
2020-02-18;690.0;705.0;675.0;680.0
2020-02-19;705.0;720.0;700.0;700.0
2020-02-20;710.0;720.0;705.0;710.0
2020-02-21;700.0;715.0;695.0;715.0
2020-02-24;685.0;715.0;680.0;710.0
2020-02-25;660.0;685.0;655.0;685.0
2020-02-26;630.0;660.0;630.0;650.0
2020-02-27;600.0;650.0;595.0;630.0
2020-02-28;575.0;590.0;540.0;590.0
2020-03-02;585.0;600.0;570.0;580.0
2020-03-03;615.0;620.0;595.0;600.0
2020-03-04;630.0;635.0;610.0;615.0
2020-03-05;630.0;650.0;625.0;635.0
2020-03-06;610.0;630.0;605.0;625.0
2020-03-09;555.0;590.0;550.0;590.0
2020-03-10;575.0;585.0;555.0;555.0
2020-03-11;540.0;585.0;530.0;580.0
2020-03-12;490.0;520.0;488.0;520.0
2020-03-13;478.0;490.0;456.0;470.0
2020-03-16;446.0;474.0;446.0;474.0
2020-03-17;416.0;446.0;416.0;446.0
2020-03-18;388.0;410.0;388.0;398.0
2020-03-19;362.0;364.0;362.0;362.0
2020-03-20;374.0;386.0;338.0;360.0
2020-03-23;348.0;370.0;348.0;370.0
2020-03-24;364.0;374.0;340.0;348.0
2020-03-26;416.0;432.0;366.0;366.0
2020-03-27;460.0;505.0;426.0;432.0
2020-03-30;432.0;460.0;428.0;450.0
2020-03-31;450.0;464.0;434.0;440.0
2020-04-01;436.0;462.0;434.0;450.0
2020-04-02;452.0;454.0;424.0;436.0
2020-04-03;464.0;472.0;450.0;458.0
2020-04-06;540.0;540.0;466.0;466.0
2020-04-07;555.0;590.0;520.0;580.0
2020-04-08;520.0;555.0;520.0;555.0
2020-04-09;520.0;540.0;492.0;510.0
2020-04-13;535.0;555.0;510.0;520.0
2020-04-14;555.0;560.0;540.0;550.0
2020-04-15;525.0;565.0;525.0;560.0
2020-04-16;505.0;535.0;494.0;535.0
2020-04-17;520.0;530.0;500.0;520.0
2020-04-20;500.0;520.0;496.0;515.0
2020-04-21;482.0;500.0;476.0;500.0
2020-04-22;492.0;496.0;466.0;476.0
2020-04-23;498.0;505.0;490.0;500.0
2020-04-24;494.0;515.0;486.0;496.0
2020-04-27;505.0;510.0;494.0;494.0
2020-04-28;492.0;510.0;490.0;505.0
2020-04-29;498.0;500.0;492.0;492.0
2020-04-30;510.0;525.0;500.0;500.0
2020-05-04;494.0;505.0;484.0;490.0
2020-05-05;500.0;505.0;494.0;500.0
2020-05-06;500.0;510.0;498.0;505.0
2020-05-08;535.0;540.0;500.0;505.0
2020-05-11;530.0;555.0;530.0;545.0
2020-05-12;515.0;530.0;510.0;525.0
2020-05-13;535.0;540.0;505.0;515.0
2020-05-14;515.0;550.0;510.0;530.0
2020-05-15;520.0;530.0;505.0;525.0
2020-05-18;525.0;535.0;520.0;525.0
2020-05-19;525.0;545.0;525.0;535.0
2020-05-20;520.0;535.0;510.0;530.0
2020-05-26;530.0;530.0;515.0;530.0
2020-05-27;520.0;535.0;515.0;530.0
2020-05-28;525.0;540.0;515.0;520.0
2020-05-29;535.0;535.0;520.0;525.0
2020-06-02;555.0;570.0;535.0;540.0
2020-06-03;555.0;580.0;545.0;565.0
2020-06-04;570.0;590.0;550.0;565.0
2020-06-05;590.0;600.0;575.0;575.0
2020-06-08;630.0;645.0;595.0;595.0
2020-06-09;610.0;650.0;605.0;640.0
2020-06-10;595.0;620.0;580.0;615.0
2020-06-11;580.0;605.0;570.0;600.0
2020-06-12;580.0;580.0;545.0;560.0
2020-06-15;565.0;595.0;560.0;585.0
2020-06-16;610.0;610.0;570.0;575.0
2020-06-17;635.0;645.0;605.0;620.0
2020-06-18;620.0;640.0;620.0;625.0
2020-06-19;610.0;630.0;605.0;625.0
2020-06-22;605.0;625.0;600.0;610.0
2020-06-23;595.0;615.0;590.0;600.0
2020-06-24;605.0;620.0;600.0;605.0
2020-06-25;600.0;605.0;595.0;595.0
2020-06-26;605.0;615.0;605.0;610.0
2020-06-29;595.0;610.0;595.0;610.0
2020-06-30;605.0;610.0;595.0;605.0
2020-07-01;600.0;615.0;595.0;610.0
2020-07-02;610.0;610.0;590.0;600.0
2020-07-03;600.0;615.0;600.0;615.0
2020-07-06;640.0;640.0;600.0;605.0
2020-07-07;650.0;670.0;640.0;645.0
2020-07-08;660.0;675.0;645.0;650.0
2020-07-09;650.0;670.0;650.0;660.0
2020-07-10;645.0;665.0;640.0;650.0
2020-07-13;675.0;685.0;645.0;645.0
2020-07-14;660.0;680.0;660.0;670.0
2020-07-15;655.0;675.0;655.0;665.0
2020-07-16;650.0;665.0;650.0;655.0
2020-07-17;660.0;660.0;645.0;655.0
2020-07-20;650.0;665.0;650.0;660.0
2020-07-21;685.0;690.0;650.0;655.0
2020-07-22;685.0;705.0;685.0;690.0
2020-07-23;690.0;705.0;685.0;695.0
2020-07-24;685.0;705.0;685.0;705.0
2020-07-27;725.0;725.0;690.0;695.0
2020-07-28;720.0;755.0;715.0;730.0
2020-07-29;730.0;740.0;710.0;720.0
2020-07-30;730.0;740.0;720.0;730.0
2020-08-03;700.0;750.0;680.0;740.0
2020-08-04;705.0;715.0;700.0;700.0
2020-08-05;750.0;750.0;715.0;730.0
2020-08-06;835.0;840.0;755.0;765.0
2020-08-07;840.0;865.0;835.0;840.0
2020-08-10;825.0;840.0;800.0;840.0
2020-08-11;800.0;830.0;790.0;825.0
2020-08-12;770.0;795.0;750.0;795.0
2020-08-13;770.0;790.0;770.0;770.0
2020-08-14;785.0;805.0;775.0;780.0
2020-08-18;805.0;820.0;795.0;800.0
2020-08-19;795.0;815.0;795.0;810.0
2020-08-24;780.0;805.0;775.0;805.0
2020-08-25;790.0;795.0;775.0;780.0
2020-08-26;785.0;800.0;780.0;790.0
2020-08-27;795.0;805.0;785.0;790.0
2020-08-28;820.0;830.0;790.0;800.0
2020-08-31;820.0;855.0;810.0;830.0
2020-09-01;840.0;840.0;815.0;820.0
2020-09-02;850.0;855.0;830.0;840.0
2020-09-03;830.0;855.0;825.0;850.0
2020-09-04;825.0;830.0;800.0;820.0
2020-09-07;825.0;830.0;810.0;825.0
2020-09-08;825.0;840.0;820.0;825.0
2020-09-09;795.0;810.0;780.0;810.0
2020-09-10;740.0;790.0;740.0;785.0
2020-09-11;775.0;780.0;700.0;710.0
2020-09-14;800.0;805.0;780.0;780.0
2020-09-15;805.0;820.0;785.0;810.0
2020-09-16;795.0;810.0;785.0;805.0
2020-09-17;775.0;805.0;765.0;805.0
2020-09-18;790.0;795.0;775.0;780.0
2020-09-21;765.0;790.0;760.0;785.0
2020-09-22;735.0;755.0;725.0;750.0
2020-09-23;750.0;780.0;735.0;755.0
2020-09-24;720.0;750.0;705.0;750.0
2020-09-25;730.0;735.0;715.0;735.0
2020-09-28;725.0;740.0;715.0;730.0
2020-09-29;715.0;740.0;715.0;735.0
2020-09-30;705.0;730.0;695.0;720.0
2020-10-01;735.0;740.0;710.0;710.0
2020-10-02;725.0;735.0;705.0;735.0
2020-10-05;720.0;735.0;715.0;735.0
2020-10-06;720.0;735.0;715.0;730.0
2020-10-07;715.0;720.0;710.0;715.0
2020-10-08;720.0;730.0;715.0;720.0
2020-10-09;765.0;775.0;725.0;730.0
2020-10-12;780.0;790.0;765.0;780.0
2020-10-13;765.0;780.0;760.0;780.0
2020-10-14;955.0;955.0;775.0;775.0
2020-10-15;935.0;1180.0;920.0;1020.0
2020-10-16;940.0;995.0;920.0;960.0
2020-10-19;1055.0;1055.0;950.0;970.0
2020-10-20;1035.0;1065.0;1020.0;1055.0
2020-10-21;1100.0;1145.0;1050.0;1050.0
2020-10-22;1085.0;1120.0;1075.0;1100.0
2020-10-23;1085.0;1120.0;1060.0;1095.0
2020-10-26;1060.0;1095.0;1060.0;1090.0
2020-10-27;1055.0;1095.0;1050.0;1050.0
2020-11-02;1100.0;1125.0;1055.0;1065.0
2020-11-03;1110.0;1130.0;1105.0;1115.0
2020-11-04;1105.0;1145.0;1100.0;1125.0
2020-11-05;1125.0;1145.0;1115.0;1130.0
2020-11-06;1125.0;1140.0;1115.0;1140.0
2020-11-09;1240.0;1245.0;1135.0;1140.0
2020-11-10;1200.0;1255.0;1195.0;1250.0
2020-11-11;1195.0;1240.0;1185.0;1210.0
2020-11-12;1170.0;1205.0;1165.0;1190.0
2020-11-13;1170.0;1180.0;1155.0;1160.0
2020-11-16;1185.0;1210.0;1180.0;1200.0
2020-11-17;1190.0;1215.0;1175.0;1185.0
2020-11-18;1240.0;1280.0;1215.0;1220.0
2020-11-19;1235.0;1245.0;1220.0;1240.0
2020-11-20;1210.0;1240.0;1200.0;1235.0
2020-11-23;1255.0;1255.0;1215.0;1225.0
2020-11-24;1235.0;1255.0;1220.0;1255.0
2020-11-25;1205.0;1240.0;1195.0;1235.0
2020-11-26;1210.0;1225.0;1195.0;1200.0
2020-11-27;1230.0;1250.0;1215.0;1230.0
2020-11-30;1145.0;1225.0;1145.0;1225.0
2020-12-01;1155.0;1180.0;1105.0;1150.0
2020-12-02;1245.0;1260.0;1170.0;1170.0
2020-12-03;1255.0;1300.0;1235.0;1245.0
2020-12-04;1245.0;1270.0;1235.0;1265.0
2020-12-07;1280.0;1295.0;1260.0;1270.0
2020-12-08;1300.0;1320.0;1285.0;1295.0
2020-12-10;1395.0;1425.0;1330.0;1330.0
2020-12-11;1450.0;1500.0;1435.0;1475.0
2020-12-14;1525.0;1540.0;1490.0;1500.0
2020-12-15;1560.0;1565.0;1495.0;1525.0
2020-12-16;1815.0;1925.0;1590.0;1595.0
2020-12-17;1815.0;1880.0;1775.0;1840.0
2020-12-18;1950.0;1960.0;1810.0;1845.0
2020-12-21;1965.0;2020.0;1925.0;1965.0
2020-12-22;1835.0;1960.0;1830.0;1950.0
2020-12-23;1790.0;1850.0;1720.0;1830.0
2020-12-28;2000.0;2000.0;1780.0;1825.0
2020-12-29;1945.0;2070.0;1935.0;2050.0
2020-12-30;1935.0;1985.0;1905.0;1945.0
2021-01-04;2190.0;2200.0;1940.0;1970.0
2021-01-05;2230.0;2340.0;2130.0;2190.0
2021-01-06;2220.0;2290.0;2130.0;2270.0
2021-01-07;2600.0;2740.0;2240.0;2250.0
2021-01-08;2600.0;2750.0;2560.0;2640.0
2021-01-11;2580.0;2650.0;2530.0;2560.0
2021-01-12;2770.0;2780.0;2550.0;2580.0
2021-01-13;3120.0;3130.0;2850.0;2850.0
2021-01-14;3180.0;3440.0;3060.0;3140.0
2021-01-15;3120.0;3380.0;3040.0;3300.0
2021-01-18;2910.0;3140.0;2910.0;3000.0
2021-01-19;2710.0;2850.0;2710.0;2810.0
2021-01-20;3190.0;3200.0;2530.0;2540.0
2021-01-21;3090.0;3340.0;3030.0;3290.0
2021-01-22;2880.0;3090.0;2880.0;3090.0
2021-01-25;2870.0;2960.0;2680.0;2760.0
2021-01-26;2670.0;2930.0;2670.0;2900.0
2021-01-27;2550.0;2740.0;2490.0;2620.0
2021-01-28;2380.0;2570.0;2380.0;2470.0
2021-01-29;2220.0;2440.0;2220.0;2370.0
2021-02-01;2600.0;2640.0;2070.0;2090.0
2021-02-02;2420.0;2630.0;2420.0;2600.0
2021-02-03;2330.0;2520.0;2290.0;2390.0
2021-02-04;2400.0;2520.0;2270.0;2400.0
2021-02-05;2660.0;2690.0;2370.0;2450.0
2021-02-08;2830.0;2830.0;2700.0;2770.0
2021-02-09;2730.0;2860.0;2640.0;2850.0
2021-02-10;2930.0;2970.0;2720.0;2790.0
2021-02-11;2870.0;2960.0;2850.0;2940.0
2021-02-15;2900.0;2950.0;2880.0;2900.0
2021-02-16;2870.0;2940.0;2860.0;2910.0
2021-02-17;2750.0;2890.0;2720.0;2870.0
2021-02-18;2780.0;2820.0;2670.0;2700.0
2021-02-19;2880.0;2910.0;2730.0;2800.0
2021-02-22;2950.0;3040.0;2910.0;2940.0
2021-02-23;2940.0;3010.0;2920.0;2940.0
2021-02-24;2910.0;2970.0;2820.0;2930.0
2021-02-25;2960.0;3010.0;2940.0;2970.0
2021-02-26;2840.0;2890.0;2780.0;2840.0
2021-03-01;2840.0;2880.0;2810.0;2850.0
2021-03-02;2730.0;2850.0;2720.0;2840.0
2021-03-03;2700.0;2770.0;2670.0;2770.0
2021-03-04;2520.0;2590.0;2520.0;2520.0
2021-03-05;2420.0;2520.0;2350.0;2370.0
2021-03-08;2280.0;2500.0;2270.0;2490.0
2021-03-09;2230.0;2360.0;2180.0;2280.0
2021-03-10;2230.0;2280.0;2170.0;2260.0
2021-03-12;2420.0;2440.0;2280.0;2280.0
2021-03-15;2340.0;2450.0;2280.0;2430.0
2021-03-16;2270.0;2350.0;2240.0;2350.0
2021-03-17;2300.0;2330.0;2260.0;2290.0
2021-03-18;2290.0;2350.0;2270.0;2350.0
2021-03-19;2250.0;2280.0;2210.0;2270.0
2021-03-22;2260.0;2340.0;2250.0;2260.0
2021-03-23;2270.0;2310.0;2220.0;2300.0
2021-03-24;2170.0;2250.0;2170.0;2250.0
2021-03-25;2180.0;2230.0;2100.0;2170.0
2021-03-26;2430.0;2440.0;2200.0;2230.0
2021-03-29;2260.0;2430.0;2260.0;2430.0
2021-03-30;2210.0;2320.0;2160.0;2270.0
2021-03-31;2250.0;2250.0;2130.0;2180.0
2021-04-01;2240.0;2300.0;2200.0;2290.0
2021-04-05;2200.0;2280.0;2190.0;2280.0
2021-04-06;2330.0;2340.0;2210.0;2250.0
2021-04-07;2360.0;2370.0;2270.0;2330.0
2021-04-08;2470.0;2480.0;2340.0;2360.0
2021-04-09;2340.0;2490.0;2340.0;2450.0
2021-04-12;2250.0;2310.0;2210.0;2310.0
2021-04-13;2270.0;2300.0;2220.0;2250.0
2021-04-14;2330.0;2340.0;2280.0;2280.0
2021-04-15;2320.0;2350.0;2300.0;2340.0
2021-04-16;2390.0;2420.0;2310.0;2340.0
2021-04-19;2340.0;2370.0;2300.0;2350.0
2021-04-20;2350.0;2360.0;2300.0;2330.0
2021-04-21;2370.0;2400.0;2300.0;2320.0
2021-04-22;2350.0;2440.0;2350.0;2380.0
2021-04-23;2320.0;2340.0;2310.0;2320.0
2021-04-26;2390.0;2420.0;2340.0;2350.0
2021-04-27;2390.0;2430.0;2360.0;2410.0
2021-04-28;2430.0;2430.0;2350.0;2380.0
2021-04-29;2510.0;2540.0;2460.0;2460.0
2021-04-30;2490.0;2500.0;2440.0;2490.0
2021-05-03;2520.0;2560.0;2480.0;2500.0
2021-05-04;2620.0;2640.0;2500.0;2540.0
2021-05-05;2630.0;2640.0;2560.0;2620.0
2021-05-06;2620.0;2670.0;2580.0;2610.0
2021-05-07;2620.0;2650.0;2610.0;2630.0
2021-05-10;2680.0;2700.0;2620.0;2640.0
2021-05-11;2670.0;2690.0;2600.0;2600.0
2021-05-17;2510.0;2670.0;2500.0;2670.0
2021-05-18;2600.0;2640.0;2540.0;2560.0
2021-05-19;2550.0;2640.0;2530.0;2580.0
2021-05-20;2420.0;2520.0;2420.0;2510.0
2021-05-21;2330.0;2440.0;2310.0;2420.0
2021-05-24;2270.0;2390.0;2250.0;2360.0
2021-05-25;2330.0;2410.0;2310.0;2310.0
2021-05-27;2390.0;2390.0;2330.0;2340.0
2021-05-28;2460.0;2500.0;2430.0;2470.0
2021-05-31;2450.0;2480.0;2410.0;2480.0
2021-06-02;2550.0;2550.0;2440.0;2460.0
2021-06-03;2520.0;2600.0;2500.0;2540.0
2021-06-04;2430.0;2480.0;2410.0;2480.0
2021-06-07;2380.0;2450.0;2370.0;2450.0
2021-06-08;2350.0;2420.0;2350.0;2390.0
2021-06-09;2460.0;2480.0;2370.0;2380.0
2021-06-10;2420.0;2480.0;2420.0;2440.0
2021-06-11;2480.0;2500.0;2440.0;2460.0
2021-06-14;2410.0;2470.0;2400.0;2470.0
2021-06-15;2360.0;2390.0;2340.0;2390.0
2021-06-16;2320.0;2360.0;2300.0;2330.0
2021-06-17;2330.0;2350.0;2260.0;2290.0
2021-06-18;2230.0;2320.0;2210.0;2300.0
2021-06-21;2200.0;2250.0;2130.0;2190.0
2021-06-22;2260.0;2300.0;2220.0;2250.0
2021-06-23;2250.0;2310.0;2240.0;2280.0
2021-06-24;2250.0;2290.0;2240.0;2280.0
2021-06-25;2300.0;2340.0;2280.0;2310.0
2021-06-28;2240.0;2310.0;2230.0;2310.0
2021-06-29;2220.0;2250.0;2210.0;2230.0
2021-06-30;2300.0;2310.0;2230.0;2240.0
2021-07-01;2230.0;2310.0;2200.0;2280.0
2021-07-02;2220.0;2250.0;2190.0;2230.0
2021-07-05;2240.0;2260.0;2220.0;2230.0
2021-07-06;2480.0;2510.0;2240.0;2250.0
2021-07-07;2460.0;2470.0;2380.0;2450.0
2021-07-08;2550.0;2610.0;2460.0;2460.0
2021-07-09;2590.0;2630.0;2530.0;2560.0
2021-07-12;2550.0;2670.0;2520.0;2610.0
2021-07-13;2540.0;2610.0;2500.0;2560.0
2021-07-14;2590.0;2600.0;2500.0;2540.0
2021-07-15;2610.0;2630.0;2560.0;2580.0
2021-07-16;2620.0;2690.0;2610.0;2630.0
2021-07-19;2640.0;2670.0;2610.0;2630.0
2021-07-21;2560.0;2640.0;2540.0;2620.0
2021-07-22;2570.0;2600.0;2560.0;2560.0
2021-07-23;2620.0;2670.0;2600.0;2600.0
2021-07-26;2630.0;2730.0;2610.0;2660.0
2021-07-27;2530.0;2680.0;2510.0;2670.0
2021-07-28;2520.0;2590.0;2500.0;2540.0
2021-07-29;2590.0;2600.0;2500.0;2550.0
2021-07-30;2520.0;2590.0;2510.0;2590.0
2021-08-02;2510.0;2520.0;2440.0;2520.0
2021-08-03;2470.0;2520.0;2440.0;2490.0
2021-08-04;2420.0;2460.0;2410.0;2460.0
2021-08-05;2370.0;2430.0;2340.0;2420.0
2021-08-06;2330.0;2410.0;2320.0;2380.0
2021-08-09;2260.0;2310.0;2250.0;2300.0
2021-08-10;2340.0;2370.0;2240.0;2270.0
2021-08-12;2400.0;2430.0;2380.0;2400.0
2021-08-13;2380.0;2410.0;2350.0;2410.0
2021-08-16;2390.0;2400.0;2350.0;2370.0
2021-08-18;2400.0;2420.0;2360.0;2390.0
2021-08-19;2270.0;2380.0;2270.0;2380.0
2021-08-20;2280.0;2320.0;2240.0;2240.0
2021-08-23;2290.0;2330.0;2280.0;2310.0
2021-08-24;2270.0;2330.0;2270.0;2330.0
2021-08-25;2300.0;2340.0;2280.0;2290.0
2021-08-26;2270.0;2310.0;2270.0;2300.0
2021-08-27;2260.0;2290.0;2250.0;2270.0
2021-08-30;2310.0;2320.0;2280.0;2280.0
2021-08-31;2390.0;2400.0;2320.0;2350.0
2021-09-01;2390.0;2430.0;2370.0;2390.0
2021-09-02;2320.0;2390.0;2320.0;2390.0
2021-09-03;2350.0;2350.0;2300.0;2320.0
2021-09-06;2380.0;2400.0;2340.0;2380.0
2021-09-07;2350.0;2410.0;2350.0;2400.0
2021-09-08;2320.0;2380.0;2300.0;2350.0
2021-09-09;2440.0;2450.0;2290.0;2330.0
2021-09-10;2590.0;2630.0;2470.0;2470.0
2021-09-13;2520.0;2590.0;2480.0;2570.0
2021-09-14;2470.0;2500.0;2440.0;2500.0
2021-09-15;2490.0;2530.0;2460.0;2470.0
2021-09-16;2410.0;2550.0;2390.0;2520.0
2021-09-17;2400.0;2430.0;2370.0;2370.0
2021-09-20;2350.0;2390.0;2330.0;2380.0
2021-09-21;2360.0;2370.0;2300.0;2350.0
2021-09-22;2340.0;2410.0;2330.0;2370.0
2021-09-23;2290.0;2370.0;2290.0;2370.0
2021-09-24;2290.0;2340.0;2280.0;2290.0
2021-09-27;2290.0;2330.0;2280.0;2310.0
2021-09-28;2270.0;2330.0;2260.0;2310.0
2021-09-29;2310.0;2320.0;2250.0;2260.0
2021-09-30;2290.0;2340.0;2270.0;2310.0
2021-10-01;2220.0;2280.0;2220.0;2280.0
2021-10-04;2310.0;2320.0;2230.0;2230.0
2021-10-05;2300.0;2420.0;2290.0;2290.0
2021-10-06;2300.0;2340.0;2300.0;2320.0
2021-10-07;2330.0;2350.0;2300.0;2320.0
2021-10-08;2340.0;2410.0;2330.0;2380.0
2021-10-11;2420.0;2430.0;2370.0;2390.0
2021-10-12;2370.0;2410.0;2350.0;2410.0
2021-10-13;2340.0;2370.0;2330.0;2360.0
2021-10-14;2420.0;2420.0;2340.0;2350.0
2021-10-15;2470.0;2480.0;2410.0;2450.0
2021-10-18;2510.0;2570.0;2500.0;2500.0
2021-10-19;2530.0;2540.0;2460.0;2530.0
2021-10-21;2450.0;2630.0;2420.0;2600.0
2021-10-22;2430.0;2460.0;2370.0;2400.0
2021-10-25;2420.0;2460.0;2410.0;2450.0
2021-10-26;2400.0;2460.0;2400.0;2450.0
2021-10-27;2350.0;2410.0;2340.0;2400.0
2021-10-28;2320.0;2340.0;2300.0;2320.0
2021-10-29;2340.0;2370.0;2330.0;2340.0
2021-11-01;2330.0;2360.0;2320.0;2360.0
2021-11-02;2310.0;2350.0;2310.0;2340.0
2021-11-03;2320.0;2340.0;2310.0;2320.0
2021-11-04;2380.0;2390.0;2320.0;2320.0
2021-11-05;2360.0;2400.0;2340.0;2390.0
2021-11-08;2370.0;2400.0;2350.0;2380.0
2021-11-09;2340.0;2390.0;2330.0;2380.0
2021-11-10;2340.0;2350.0;2320.0;2330.0
2021-11-11;2370.0;2370.0;2340.0;2350.0
2021-11-12;2400.0;2420.0;2370.0;2380.0
2021-11-15;2390.0;2430.0;2340.0;2420.0
2021-11-16;2380.0;2410.0;2370.0;2390.0
2021-11-17;2350.0;2390.0;2340.0;2380.0
2021-11-18;2330.0;2370.0;2320.0;2350.0
2021-11-19;2390.0;2400.0;2340.0;2350.0
2021-11-22;2370.0;2400.0;2350.0;2400.0
2021-11-23;2400.0;2460.0;2370.0;2390.0
2021-11-24;2440.0;2450.0;2380.0;2400.0
2021-11-25;2440.0;2490.0;2430.0;2470.0
2021-11-26;2340.0;2410.0;2330.0;2410.0
2021-11-29;2330.0;2360.0;2320.0;2330.0
2021-11-30;2300.0;2370.0;2300.0;2340.0
2021-12-01;2270.0;2320.0;2250.0;2300.0
2021-12-02;2340.0;2370.0;2260.0;2270.0
2021-12-03;2340.0;2370.0;2320.0;2350.0
2021-12-06;2320.0;2360.0;2310.0;2340.0
2021-12-07;2340.0;2350.0;2330.0;2340.0
2021-12-08;2330.0;2360.0;2320.0;2360.0
2021-12-09;2330.0;2340.0;2320.0;2330.0
2021-12-10;2320.0;2330.0;2310.0;2330.0
2021-12-13;2320.0;2350.0;2320.0;2330.0
2021-12-14;2290.0;2320.0;2280.0;2320.0
2021-12-15;2280.0;2300.0;2270.0;2290.0
2021-12-16;2290.0;2300.0;2260.0;2290.0
2021-12-17;2250.0;2310.0;2250.0;2310.0
2021-12-20;2220.0;2260.0;2220.0;2250.0
2021-12-21;2260.0;2280.0;2220.0;2220.0
2021-12-22;2250.0;2300.0;2250.0;2270.0
2021-12-23;2240.0;2270.0;2240.0;2260.0
2021-12-24;2280.0;2300.0;2250.0;2260.0
2021-12-27;2300.0;2300.0;2280.0;2300.0
2021-12-28;2260.0;2320.0;2260.0;2310.0
2021-12-29;2270.0;2290.0;2260.0;2270.0
2021-12-30;2250.0;2300.0;2250.0;2280.0
2022-01-03;2340.0;2350.0;2260.0;2260.0
2022-01-04;2300.0;2350.0;2290.0;2340.0
2022-01-05;2270.0;2340.0;2250.0;2310.0
2022-01-06;2230.0;2270.0;2230.0;2260.0
2022-01-07;2230.0;2260.0;2230.0;2250.0
2022-01-10;2220.0;2250.0;2220.0;2250.0
2022-01-11;2080.0;2230.0;2080.0;2220.0
2022-01-12;1935.0;2150.0;1935.0;2120.0
2022-01-13;1965.0;1995.0;1840.0;1935.0
2022-01-14;1950.0;1975.0;1930.0;1965.0
2022-01-17;1855.0;1955.0;1840.0;1950.0
2022-01-18;1780.0;1875.0;1765.0;1850.0
2022-01-19;1725.0;1810.0;1705.0;1780.0
2022-01-20;1935.0;1935.0;1750.0;1765.0
2022-01-21;1945.0;1965.0;1890.0;1935.0
2022-01-24;1885.0;1955.0;1875.0;1950.0
2022-01-25;1760.0;1840.0;1755.0;1840.0
2022-01-26;1805.0;1815.0;1735.0;1780.0
2022-01-27;1765.0;1790.0;1750.0;1775.0
2022-01-28;1770.0;1790.0;1755.0;1770.0
2022-01-31;1770.0;1810.0;1770.0;1785.0
2022-02-02;1780.0;1830.0;1775.0;1805.0
2022-02-03;1840.0;1860.0;1765.0;1785.0
2022-02-04;1810.0;1835.0;1805.0;1830.0
2022-02-07;1810.0;1835.0;1805.0;1810.0
2022-02-08;1790.0;1825.0;1785.0;1820.0
2022-02-09;1780.0;1800.0;1770.0;1790.0
2022-02-10;1880.0;1905.0;1790.0;1795.0
2022-02-11;1845.0;1900.0;1830.0;1890.0
2022-02-14;1890.0;1900.0;1810.0;1840.0
2022-02-15;1880.0;1910.0;1865.0;1890.0
2022-02-16;1880.0;1895.0;1870.0;1890.0
2022-02-17;1945.0;1945.0;1855.0;1885.0
2022-02-18;2090.0;2140.0;1955.0;1955.0
2022-02-21;2170.0;2190.0;2100.0;2100.0
2022-02-22;2180.0;2200.0;2100.0;2150.0
2022-02-23;2200.0;2230.0;2170.0;2200.0
2022-02-24;2220.0;2240.0;2120.0;2190.0
2022-02-25;2220.0;2270.0;2200.0;2220.0
2022-03-01;2260.0;2300.0;2230.0;2240.0
2022-03-02;2290.0;2340.0;2280.0;2300.0
2022-03-04;2450.0;2460.0;2340.0;2350.0
2022-03-07;2820.0;2830.0;2480.0;2520.0
2022-03-08;2840.0;3170.0;2830.0;2990.0
2022-03-09;2650.0;2740.0;2650.0;2650.0
2022-03-10;2570.0;2660.0;2490.0;2530.0
2022-03-11;2520.0;2660.0;2520.0;2590.0
2022-03-14;2400.0;2540.0;2360.0;2520.0
2022-03-15;2370.0;2460.0;2350.0;2400.0
2022-03-16;2390.0;2410.0;2270.0;2370.0
2022-03-17;2350.0;2410.0;2330.0;2400.0
2022-03-18;2390.0;2400.0;2320.0;2350.0
2022-03-21;2360.0;2390.0;2330.0;2380.0
2022-03-22;2550.0;2560.0;2370.0;2380.0
2022-03-23;2500.0;2560.0;2460.0;2550.0
2022-03-24;2640.0;2650.0;2540.0;2600.0
2022-03-25;2660.0;2690.0;2610.0;2660.0
2022-03-28;2630.0;2660.0;2590.0;2650.0
2022-03-29;2530.0;2600.0;2510.0;2590.0
2022-03-30;2510.0;2570.0;2470.0;2530.0
2022-03-31;2440.0;2540.0;2430.0;2530.0
2022-04-01;2510.0;2550.0;2420.0;2450.0
2022-04-04;2640.0;2650.0;2520.0;2530.0
2022-04-05;2670.0;2700.0;2610.0;2630.0
2022-04-06;2650.0;2690.0;2640.0;2670.0
2022-04-07;2760.0;2820.0;2660.0;2670.0
2022-04-08;2800.0;2820.0;2740.0;2790.0
2022-04-11;2630.0;2810.0;2630.0;2800.0
2022-04-12;2670.0;2680.0;2580.0;2620.0
2022-04-13;2790.0;2800.0;2670.0;2690.0
2022-04-14;2780.0;2870.0;2750.0;2790.0
2022-04-18;2900.0;2930.0;2790.0;2800.0
2022-04-19;2850.0;2940.0;2830.0;2910.0
2022-04-20;2820.0;2880.0;2740.0;2880.0
2022-04-21;2790.0;2840.0;2760.0;2830.0
2022-04-22;2740.0;2810.0;2740.0;2770.0
2022-04-25;2620.0;2700.0;2600.0;2690.0
2022-04-26;2500.0;2640.0;2450.0;2630.0
2022-04-27;2560.0;2610.0;2500.0;2500.0
2022-04-28;2600.0;2650.0;2570.0;2580.0
2022-05-09;2530.0;2550.0;2460.0;2500.0
2022-05-10;2420.0;2490.0;2360.0;2470.0
2022-05-11;2400.0;2530.0;2400.0;2420.0
2022-05-12;2330.0;2460.0;2290.0;2400.0
2022-05-13;2330.0;2380.0;2300.0;2360.0
2022-05-17;2390.0;2410.0;2340.0;2350.0
2022-05-18;2400.0;2420.0;2360.0;2420.0
2022-05-19;2460.0;2490.0;2340.0;2380.0
2022-05-20;2490.0;2520.0;2460.0;2520.0
2022-05-23;2530.0;2670.0;2520.0;2560.0
2022-05-24;2570.0;2600.0;2530.0;2550.0
2022-05-25;2490.0;2580.0;2460.0;2560.0
2022-05-27;2470.0;2530.0;2460.0;2510.0
2022-05-30;2560.0;2570.0;2470.0;2500.0
2022-05-31;2510.0;2570.0;2500.0;2570.0
2022-06-02;2510.0;2560.0;2470.0;2500.0
2022-06-03;2500.0;2550.0;2500.0;2520.0
2022-06-06;2450.0;2490.0;2400.0;2460.0
2022-06-07;2420.0;2470.0;2420.0;2450.0
2022-06-08;2420.0;2440.0;2400.0;2430.0
2022-06-09;2400.0;2450.0;2380.0;2420.0
2022-06-10;2290.0;2380.0;2280.0;2370.0
2022-06-13;2260.0;2280.0;2200.0;2240.0
2022-06-14;2180.0;2260.0;2160.0;2240.0
2022-06-15;2170.0;2240.0;2120.0;2180.0
2022-06-16;2150.0;2230.0;2140.0;2200.0
2022-06-17;2110.0;2140.0;2100.0;2120.0
2022-06-20;2070.0;2130.0;2050.0;2110.0
2022-06-21;2150.0;2150.0;2070.0;2080.0
2022-06-22;2020.0;2140.0;2020.0;2140.0
2022-06-23;1965.0;2020.0;1955.0;2020.0
2022-06-24;1970.0;2000.0;1950.0;1950.0
2022-06-27;1890.0;1970.0;1885.0;1970.0
2022-06-28;1865.0;1905.0;1860.0;1890.0
2022-06-29;1835.0;1890.0;1835.0;1855.0
2022-06-30;1800.0;1860.0;1800.0;1850.0
2022-07-01;1750.0;1810.0;1750.0;1795.0
2022-07-04;1720.0;1770.0;1700.0;1750.0
2022-07-05;1790.0;1820.0;1740.0;1740.0
2022-07-06;1720.0;1780.0;1710.0;1775.0
2022-07-07;1720.0;1735.0;1700.0;1715.0
2022-07-08;1715.0;1755.0;1710.0;1725.0
2022-07-11;1720.0;1730.0;1705.0;1720.0
2022-07-12;1740.0;1770.0;1720.0;1720.0
2022-07-13;1720.0;1755.0;1715.0;1740.0
2022-07-14;1650.0;1725.0;1640.0;1720.0
2022-07-15;1540.0;1605.0;1535.0;1600.0
2022-07-18;1560.0;1595.0;1550.0;1575.0
2022-07-19;1655.0;1665.0;1575.0;1580.0
2022-07-20;1695.0;1700.0;1670.0;1680.0
2022-07-21;1675.0;1710.0;1665.0;1695.0
2022-07-22;1780.0;1785.0;1690.0;1690.0
2022-07-25;1755.0;1825.0;1735.0;1800.0
2022-07-26;1790.0;1800.0;1755.0;1755.0
2022-07-27;1785.0;1790.0;1770.0;1780.0
2022-07-28;2000.0;2030.0;1805.0;1815.0
2022-07-29;1955.0;2070.0;1945.0;2020.0
2022-08-01;2080.0;2100.0;1990.0;2030.0
2022-08-02;1995.0;2080.0;1990.0;2080.0
2022-08-03;1970.0;1990.0;1915.0;1975.0
2022-08-04;1970.0;2020.0;1950.0;1980.0
2022-08-05;2020.0;2030.0;1970.0;2000.0
2022-08-08;2060.0;2070.0;1985.0;2010.0
2022-08-09;2180.0;2230.0;2070.0;2080.0
2022-08-10;2120.0;2180.0;2110.0;2180.0
2022-08-11;2240.0;2270.0;2180.0;2200.0
2022-08-12;2220.0;2270.0;2210.0;2240.0
2022-08-15;2130.0;2240.0;2120.0;2230.0
2022-08-16;2080.0;2140.0;2070.0;2130.0
2022-08-18;2050.0;2110.0;2030.0;2070.0
2022-08-19;2060.0;2090.0;2030.0;2050.0
2022-08-22;1985.0;2070.0;1980.0;2060.0
2022-08-23;2030.0;2050.0;1965.0;1985.0
2022-08-24;2010.0;2040.0;2000.0;2020.0
2022-08-25;1995.0;2040.0;1985.0;2010.0
2022-08-26;1955.0;2000.0;1955.0;1995.0
2022-08-29;1900.0;1925.0;1865.0;1920.0
2022-08-30;1985.0;2010.0;1910.0;1920.0
2022-08-31;1990.0;1990.0;1925.0;1985.0
2022-09-01;1935.0;1985.0;1930.0;1985.0
2022-09-02;1900.0;1930.0;1900.0;1930.0
2022-09-05;1970.0;1985.0;1870.0;1880.0
2022-09-06;1990.0;2040.0;1975.0;2010.0
2022-09-07;1950.0;1990.0;1940.0;1975.0
2022-09-08;1920.0;1975.0;1920.0;1970.0
2022-09-09;1975.0;1985.0;1920.0;1940.0
2022-09-12;1980.0;2020.0;1980.0;2010.0
2022-09-13;2070.0;2100.0;2030.0;2030.0
2022-09-14;2120.0;2120.0;1990.0;2010.0
2022-09-15;2070.0;2150.0;2060.0;2130.0
2022-09-16;2040.0;2050.0;2000.0;2030.0
2022-09-19;2050.0;2090.0;2020.0;2080.0
2022-09-20;2050.0;2080.0;2040.0;2080.0
2022-09-21;2080.0;2100.0;2020.0;2060.0
2022-09-22;2080.0;2090.0;2040.0;2050.0
2022-09-23;2040.0;2090.0;2030.0;2080.0
2022-09-26;1970.0;2000.0;1970.0;1995.0
2022-09-27;1965.0;1975.0;1930.0;1955.0
2022-09-28;1925.0;1950.0;1925.0;1945.0
2022-09-29;1920.0;1960.0;1910.0;1945.0
2022-09-30;1940.0;1940.0;1885.0;1925.0
2022-10-03;1890.0;1920.0;1890.0;1900.0
2022-10-04;1925.0;1935.0;1910.0;1920.0
2022-10-05;1940.0;1975.0;1940.0;1945.0
2022-10-06;1930.0;1965.0;1925.0;1955.0
2022-10-07;1935.0;1950.0;1925.0;1935.0
2022-10-10;1910.0;1925.0;1895.0;1920.0
2022-10-11;1895.0;1915.0;1890.0;1910.0
2022-10-12;1880.0;1915.0;1860.0;1895.0
2022-10-13;1830.0;1895.0;1820.0;1890.0
2022-10-14;1820.0;1865.0;1820.0;1855.0
2022-10-17;1805.0;1810.0;1765.0;1810.0
2022-10-18;1795.0;1830.0;1790.0;1810.0
2022-10-19;1825.0;1840.0;1765.0;1800.0
2022-10-20;1820.0;1835.0;1805.0;1815.0
2022-10-21;1800.0;1830.0;1795.0;1825.0
2022-10-24;1795.0;1825.0;1790.0;1805.0
2022-10-25;1770.0;1810.0;1760.0;1800.0
2022-10-26;1810.0;1830.0;1775.0;1775.0
2022-10-27;1840.0;1880.0;1815.0;1820.0
2022-10-28;1835.0;1850.0;1805.0;1845.0
2022-10-31;1845.0;1850.0;1825.0;1840.0
2022-11-01;1810.0;1845.0;1805.0;1845.0
2022-11-02;1865.0;1895.0;1850.0;1865.0
2022-11-03;1830.0;1875.0;1825.0;1865.0
2022-11-04;1915.0;1915.0;1805.0;1830.0
2022-11-07;2000.0;2010.0;1930.0;1930.0
2022-11-08;1985.0;2040.0;1970.0;2010.0
2022-11-09;2000.0;2060.0;1995.0;2010.0
2022-11-10;2000.0;2020.0;1985.0;2000.0
2022-11-11;2120.0;2130.0;2050.0;2080.0
2022-11-14;2120.0;2170.0;2100.0;2150.0
2022-11-15;2160.0;2220.0;2130.0;2160.0
2022-11-16;2030.0;2180.0;2020.0;2180.0
2022-11-17;1975.0;1995.0;1940.0;1985.0
2022-11-18;1960.0;1985.0;1950.0;1955.0
2022-11-21;1960.0;2000.0;1955.0;1980.0
2022-11-22;1935.0;1970.0;1930.0;1960.0
2022-11-23;1975.0;1985.0;1955.0;1970.0
2022-11-24;1970.0;1990.0;1960.0;1975.0
2022-11-25;1950.0;1975.0;1945.0;1970.0
2022-11-28;1915.0;1945.0;1910.0;1945.0
2022-11-29;1965.0;1965.0;1925.0;1935.0
2022-11-30;1985.0;1990.0;1965.0;1980.0
2022-12-01;2040.0;2060.0;1985.0;2000.0
2022-12-02;2040.0;2060.0;2020.0;2050.0
2022-12-05;2060.0;2080.0;2040.0;2070.0
2022-12-06;1965.0;2050.0;1945.0;2050.0
2022-12-07;1920.0;1985.0;1900.0;1965.0
2022-12-08;1990.0;1995.0;1920.0;1960.0
2022-12-09;1935.0;1980.0;1930.0;1960.0
2022-12-12;1950.0;1960.0;1915.0;1930.0
2022-12-13;1930.0;1965.0;1930.0;1960.0
2022-12-14;1940.0;1945.0;1915.0;1930.0
2022-12-15;1935.0;1940.0;1920.0;1940.0
2022-12-16;2020.0;2030.0;1915.0;1915.0
2022-12-19;2040.0;2060.0;2000.0;2030.0
2022-12-20;2010.0;2030.0;1985.0;2030.0
2022-12-21;2040.0;2070.0;2020.0;2020.0
2022-12-22;2030.0;2080.0;2020.0;2070.0
2022-12-23;2000.0;2030.0;1995.0;2030.0
2022-12-26;2000.0;2030.0;1995.0;2010.0
2022-12-27;1990.0;2040.0;1985.0;2010.0
2022-12-28;2010.0;2010.0;1940.0;1990.0
2022-12-29;2010.0;2020.0;1970.0;2000.0
2022-12-30;1985.0;2020.0;1985.0;2010.0
2023-01-02;1980.0;2010.0;1975.0;1990.0
2023-01-03;2000.0;2020.0;1975.0;1980.0
2023-01-04;2050.0;2100.0;2010.0;2020.0
2023-01-05;1965.0;2050.0;1935.0;2020.0
2023-01-06;1985.0;1985.0;1930.0;1950.0
2023-01-09;2060.0;2070.0;2010.0;2010.0
2023-01-10;2040.0;2060.0;2000.0;2040.0
2023-01-11;2070.0;2070.0;2020.0;2050.0
2023-01-12;2130.0;2140.0;2040.0;2060.0
2023-01-13;2150.0;2170.0;2090.0;2150.0
2023-01-16;2180.0;2200.0;2150.0;2160.0
2023-01-17;2270.0;2290.0;2180.0;2200.0
2023-01-18;2260.0;2270.0;2210.0;2260.0
2023-01-19;2270.0;2320.0;2270.0;2290.0
2023-01-20;2320.0;2340.0;2280.0;2300.0
2023-01-24;2320.0;2350.0;2280.0;2320.0
2023-01-25;2290.0;2350.0;2250.0;2340.0
2023-01-26;2320.0;2370.0;2300.0;2330.0
2023-01-27;2300.0;2330.0;2290.0;2330.0
2023-01-30;2290.0;2310.0;2250.0;2300.0
2023-01-31;2310.0;2340.0;2290.0;2300.0
2023-02-01;2370.0;2390.0;2320.0;2340.0
2023-02-02;2350.0;2380.0;2320.0;2350.0
2023-02-03;2330.0;2380.0;2280.0;2380.0
2023-02-06;2270.0;2320.0;2260.0;2280.0
2023-02-07;2250.0;2260.0;2190.0;2250.0
2023-02-08;2240.0;2280.0;2220.0;2260.0
2023-02-09;2220.0;2260.0;2220.0;2240.0
2023-02-10;2220.0;2250.0;2180.0;2250.0
2023-02-13;2240.0;2240.0;2200.0;2210.0
2023-02-14;2210.0;2250.0;2200.0;2240.0
2023-02-15;2200.0;2230.0;2160.0;2200.0
2023-02-16;2110.0;2210.0;2100.0;2200.0
2023-02-17;2090.0;2140.0;2060.0;2100.0
2023-02-20;2080.0;2090.0;2020.0;2080.0
2023-02-21;2080.0;2130.0;2070.0;2110.0
2023-02-22;2050.0;2090.0;2030.0;2080.0
2023-02-23;2030.0;2060.0;2000.0;2050.0
2023-02-24;2000.0;2040.0;2000.0;2020.0
2023-02-27;2010.0;2040.0;1985.0;2000.0
2023-02-28;1990.0;2040.0;1990.0;2030.0
2023-03-01;2000.0;2020.0;1975.0;1990.0
2023-03-02;2010.0;2040.0;2000.0;2010.0
2023-03-03;1995.0;2040.0;1985.0;2010.0
2023-03-06;1960.0;2020.0;1955.0;2000.0
2023-03-07;1940.0;1970.0;1930.0;1960.0
2023-03-08;1885.0;1930.0;1870.0;1920.0
2023-03-09;1875.0;1910.0;1870.0;1885.0
2023-03-10;1880.0;1895.0;1850.0;1865.0
2023-03-13;1850.0;1890.0;1850.0;1890.0
2023-03-14;1815.0;1885.0;1810.0;1865.0
2023-03-15;1855.0;1865.0;1825.0;1825.0
2023-03-16;1795.0;1855.0;1770.0;1850.0
2023-03-17;1895.0;1895.0;1810.0;1815.0
2023-03-20;1900.0;1930.0;1875.0;1905.0
2023-03-21;1885.0;1915.0;1885.0;1910.0
2023-03-24;1895.0;1940.0;1885.0;1895.0
2023-03-27;1960.0;2010.0;1935.0;1935.0
2023-03-28;1995.0;2010.0;1970.0;1970.0
2023-03-29;2080.0;2090.0;2000.0;2000.0
2023-03-30;2090.0;2090.0;2040.0;2070.0
2023-03-31;2090.0;2100.0;2050.0;2080.0
2023-04-03;2090.0;2110.0;2070.0;2100.0
2023-04-04;2050.0;2100.0;2040.0;2090.0
2023-04-05;2100.0;2150.0;2070.0;2070.0
2023-04-06;2100.0;2120.0;2080.0;2100.0
2023-04-10;2020.0;2100.0;2010.0;2100.0
2023-04-11;2110.0;2110.0;2030.0;2030.0
2023-04-12;2110.0;2140.0;2100.0;2120.0
2023-04-13;2130.0;2130.0;2100.0;2110.0
2023-04-14;2110.0;2160.0;2110.0;2140.0
2023-04-17;2120.0;2140.0;2100.0;2130.0
2023-04-18;2100.0;2130.0;2080.0;2120.0
2023-04-26;2110.0;2110.0;2060.0;2080.0
2023-04-27;2080.0;2120.0;2080.0;2120.0
2023-04-28;2100.0;2110.0;2070.0;2090.0
2023-05-02;2060.0;2100.0;2030.0;2090.0
2023-05-03;2120.0;2150.0;2100.0;2110.0
2023-05-04;2130.0;2150.0;2110.0;2140.0
2023-05-05;2040.0;2130.0;2020.0;2130.0
2023-05-08;2070.0;2090.0;2040.0;2060.0
2023-05-09;2110.0;2120.0;2070.0;2080.0
2023-05-10;2100.0;2120.0;2070.0;2110.0
2023-05-11;2040.0;2080.0;2030.0;2080.0
2023-05-12;2000.0;2030.0;1990.0;2030.0
2023-05-15;1990.0;2020.0;1970.0;2000.0
2023-05-16;1970.0;2000.0;1955.0;1990.0
2023-05-17;1935.0;1965.0;1915.0;1960.0
2023-05-19;1955.0;1970.0;1920.0;1935.0
2023-05-22;1940.0;1990.0;1935.0;1960.0
2023-05-23;1945.0;1970.0;1940.0;1940.0
2023-05-24;1950.0;1960.0;1945.0;1950.0
2023-05-25;1945.0;1965.0;1940.0;1950.0
2023-05-26;1920.0;1950.0;1920.0;1945.0
2023-05-29;1935.0;1935.0;1905.0;1920.0
2023-05-30;1940.0;1960.0;1930.0;1935.0
2023-05-31;1895.0;1945.0;1895.0;1940.0
2023-06-05;1975.0;1995.0;1905.0;1905.0
2023-06-06;2010.0;2030.0;1985.0;1985.0
2023-06-07;2020.0;2030.0;1990.0;2010.0
2023-06-08;1985.0;2040.0;1985.0;2040.0
2023-06-09;1975.0;1995.0;1970.0;1985.0
2023-06-12;1995.0;2000.0;1975.0;1980.0
2023-06-13;2010.0;2020.0;1980.0;1995.0
2023-06-14;2030.0;2050.0;2010.0;2040.0
2023-06-15;2040.0;2050.0;2010.0;2040.0
2023-06-16;2060.0;2060.0;2020.0;2060.0
2023-06-19;2030.0;2060.0;2020.0;2060.0
2023-06-20;2020.0;2040.0;2010.0;2030.0
2023-06-21;2010.0;2030.0;2000.0;2010.0
2023-06-22;2010.0;2060.0;2010.0;2010.0
2023-06-23;2010.0;2030.0;2000.0;2020.0
2023-06-26;1950.0;1975.0;1935.0;1950.0
2023-06-27;1950.0;1965.0;1950.0;1955.0
2023-07-03;1965.0;1990.0;1955.0;1955.0
2023-07-04;1970.0;1980.0;1960.0;1970.0
2023-07-05;1985.0;1990.0;1960.0;1970.0
2023-07-06;2020.0;2050.0;1990.0;1995.0
2023-07-07;1975.0;2020.0;1975.0;2020.0
2023-07-10;1980.0;1995.0;1980.0;1985.0
2023-07-11;2000.0;2000.0;1980.0;1985.0
2023-07-12;1990.0;2010.0;1990.0;2010.0
2023-07-13;1990.0;2030.0;1990.0;2010.0
2023-07-14;2000.0;2020.0;1995.0;1995.0
2023-07-17;1990.0;2020.0;1990.0;2010.0
2023-07-18;1990.0;2010.0;1975.0;2000.0
2023-07-20;1990.0;2010.0;1980.0;2000.0
2023-07-21;1975.0;2000.0;1975.0;2000.0
2023-07-24;1975.0;1990.0;1975.0;1975.0
2023-07-25;1975.0;2000.0;1975.0;1985.0
2023-07-26;1985.0;2010.0;1980.0;1995.0
2023-07-27;1970.0;1990.0;1970.0;1985.0
2023-07-28;1960.0;1975.0;1955.0;1970.0
2023-07-31;1985.0;1990.0;1960.0;1965.0
2023-08-01;2040.0;2060.0;1990.0;2000.0
2023-08-02;2010.0;2050.0;1990.0;2050.0
2023-08-03;2010.0;2020.0;1990.0;2000.0
2023-08-04;2020.0;2040.0;2000.0;2010.0
2023-08-07;2040.0;2050.0;2020.0;2030.0
2023-08-08;2010.0;2050.0;2000.0;2050.0
2023-08-09;2010.0;2020.0;1990.0;2010.0
2023-08-10;1990.0;2020.0;1990.0;2000.0
2023-08-11;1990.0;2000.0;1980.0;1995.0
2023-08-14;2000.0;2000.0;1970.0;1990.0
2023-08-15;1990.0;2000.0;1985.0;1995.0
2023-08-16;1960.0;1990.0;1960.0;1985.0
2023-08-18;1950.0;1970.0;1945.0;1960.0
2023-08-21;1950.0;1965.0;1950.0;1950.0
2023-08-22;1945.0;1960.0;1935.0;1950.0
2023-08-23;1955.0;1965.0;1950.0;1950.0
2023-08-24;1995.0;2020.0;1975.0;1975.0
2023-08-25;1990.0;2010.0;1980.0;1995.0
2023-08-28;1995.0;2010.0;1980.0;1995.0
2023-08-29;1995.0;2000.0;1980.0;1995.0
2023-08-30;1995.0;2010.0;1995.0;2010.0
2023-08-31;1990.0;2010.0;1975.0;1995.0
2023-09-01;1955.0;1970.0;1925.0;1925.0
2023-09-04;1950.0;1980.0;1950.0;1975.0
2023-09-05;1950.0;1970.0;1945.0;1950.0
2023-09-06;1945.0;1965.0;1945.0;1950.0
2023-09-07;1955.0;1955.0;1940.0;1945.0
2023-09-08;1945.0;1960.0;1940.0;1955.0
2023-09-11;1955.0;1955.0;1930.0;1945.0
2023-09-12;1945.0;1960.0;1940.0;1960.0
2023-09-13;1915.0;1950.0;1910.0;1950.0
2023-09-14;1900.0;1935.0;1895.0;1920.0
2023-09-15;1900.0;1920.0;1895.0;1900.0
2023-09-18;1845.0;1910.0;1845.0;1900.0
2023-09-19;1840.0;1870.0;1815.0;1835.0
2023-09-20;1860.0;1875.0;1845.0;1845.0
2023-09-21;1835.0;1875.0;1830.0;1860.0
2023-09-22;1850.0;1865.0;1835.0;1835.0
2023-09-25;1850.0;1865.0;1845.0;1855.0
2023-09-26;1840.0;1855.0;1830.0;1850.0
2023-09-27;1820.0;1845.0;1820.0;1840.0
2023-09-29;1815.0;1830.0;1815.0;1820.0
2023-10-02;1805.0;1825.0;1800.0;1815.0
2023-10-03;1765.0;1810.0;1765.0;1805.0
2023-10-04;1740.0;1780.0;1735.0;1780.0
2023-10-05;1705.0;1760.0;1705.0;1745.0
2023-10-06;1715.0;1740.0;1705.0;1705.0
2023-10-09;1810.0;1835.0;1735.0;1735.0
2023-10-10;1815.0;1860.0;1815.0;1830.0
2023-10-11;1815.0;1850.0;1815.0;1825.0
2023-10-12;1775.0;1835.0;1775.0;1825.0
2023-10-13;1755.0;1775.0;1750.0;1775.0
2023-10-16;1805.0;1820.0;1785.0;1785.0
2023-10-17;1810.0;1820.0;1790.0;1810.0
2023-10-18;1850.0;1850.0;1815.0;1815.0
2023-10-19;1815.0;1850.0;1795.0;1850.0
2023-10-20;1825.0;1845.0;1805.0;1825.0
2023-10-23;1750.0;1825.0;1745.0;1825.0
2023-10-24;1765.0;1780.0;1735.0;1745.0
2023-10-25;1730.0;1780.0;1730.0;1770.0
2023-10-26;1730.0;1755.0;1730.0;1735.0
2023-10-27;1725.0;1745.0;1725.0;1735.0
2023-10-30;1725.0;1745.0;1715.0;1730.0
2023-10-31;1705.0;1740.0;1705.0;1725.0
2023-11-01;1650.0;1715.0;1650.0;1705.0
2023-11-02;1650.0;1685.0;1650.0;1655.0
2023-11-03;1655.0;1675.0;1650.0;1660.0
2023-11-06;1700.0;1700.0;1660.0;1665.0
2023-11-07;1690.0;1715.0;1675.0;1710.0
2023-11-08;1660.0;1685.0;1650.0;1680.0
2023-11-09;1655.0;1670.0;1650.0;1660.0
2023-11-10;1625.0;1665.0;1625.0;1655.0
2023-11-13;1620.0;1635.0;1610.0;1625.0
2023-11-14;1620.0;1640.0;1610.0;1620.0
2023-11-15;1640.0;1675.0;1630.0;1630.0
2023-11-16;1650.0;1655.0;1625.0;1640.0
2023-11-17;1635.0;1650.0;1620.0;1645.0
2023-11-20;1610.0;1640.0;1600.0;1635.0
2023-11-21;1620.0;1640.0;1610.0;1615.0
2023-11-22;1605.0;1635.0;1605.0;1635.0
2023-11-23;1600.0;1615.0;1580.0;1600.0
2023-11-24;1605.0;1620.0;1600.0;1600.0
2023-11-27;1620.0;1625.0;1610.0;1610.0
2023-11-28;1655.0;1670.0;1620.0;1630.0
2023-11-29;1700.0;1735.0;1680.0;1680.0
2023-11-30;1740.0;1740.0;1675.0;1705.0
2023-12-01;1705.0;1725.0;1695.0;1710.0
2023-12-04;1750.0;1810.0;1735.0;1740.0
2023-12-05;1745.0;1745.0;1720.0;1745.0
2023-12-06;1700.0;1740.0;1700.0;1740.0
2023-12-07;1635.0;1705.0;1635.0;1700.0
2023-12-08;1685.0;1690.0;1645.0;1650.0
2023-12-11;1655.0;1675.0;1640.0;1675.0
2023-12-12;1625.0;1655.0;1610.0;1655.0
2023-12-13;1595.0;1625.0;1590.0;1625.0
2023-12-14;1640.0;1650.0;1625.0;1625.0
2023-12-15;1670.0;1670.0;1640.0;1650.0
2023-12-18;1665.0;1675.0;1620.0;1670.0
2023-12-19;1640.0;1650.0;1625.0;1650.0
2023-12-20;1635.0;1665.0;1635.0;1640.0
2023-12-21;1635.0;1645.0;1625.0;1635.0
2023-12-22;1665.0;1665.0;1640.0;1640.0
2023-12-27;1735.0;1745.0;1675.0;1675.0
2023-12-28;1715.0;1800.0;1705.0;1750.0
2023-12-29;1705.0;1785.0;1705.0;1720.0
2024-01-02;1735.0;1735.0;1710.0;1715.0
2024-01-03;1700.0;1735.0;1700.0;1735.0
2024-01-04;1685.0;1725.0;1680.0;1700.0
2024-01-05;1675.0;1695.0;1675.0;1690.0
2024-01-08;1650.0;1710.0;1650.0;1680.0
2024-01-09;1645.0;1670.0;1630.0;1650.0
2024-01-10;1655.0;1670.0;1635.0;1650.0
2024-01-11;1635.0;1670.0;1635.0;1660.0
2024-01-12;1625.0;1645.0;1620.0;1635.0
2024-01-15;1605.0;1640.0;1605.0;1630.0
2024-01-16;1605.0;1625.0;1600.0;1610.0
2024-01-17;1605.0;1620.0;1600.0;1620.0
2024-01-18;1620.0;1635.0;1600.0;1605.0
2024-01-19;1645.0;1705.0;1640.0;1670.0
2024-01-22;1645.0;1665.0;1640.0;1645.0
2024-01-23;1610.0;1650.0;1605.0;1645.0
2024-01-24;1535.0;1620.0;1525.0;1610.0
2024-01-25;1555.0;1590.0;1535.0;1535.0
2024-01-26;1575.0;1580.0;1555.0;1560.0
2024-01-29;1565.0;1595.0;1550.0;1575.0
2024-01-30;1565.0;1570.0;1560.0;1565.0
2024-01-31;1550.0;1585.0;1550.0;1565.0
2024-02-01;1535.0;1570.0;1535.0;1550.0
2024-02-02;1525.0;1550.0;1525.0;1535.0
2024-02-05;1440.0;1540.0;1440.0;1525.0
2024-02-06;1425.0;1470.0;1410.0;1445.0
2024-02-07;1410.0;1440.0;1405.0;1430.0
2024-02-12;1465.0;1470.0;1415.0;1415.0
2024-02-13;1545.0;1580.0;1485.0;1515.0
2024-02-15;1540.0;1580.0;1535.0;1570.0
2024-02-16;1530.0;1560.0;1530.0;1545.0
2024-02-19;1515.0;1545.0;1505.0;1545.0
2024-02-20;1505.0;1525.0;1505.0;1515.0
2024-02-21;1470.0;1515.0;1455.0;1505.0
2024-02-22;1500.0;1520.0;1480.0;1480.0
2024-02-23;1550.0;1550.0;1505.0;1525.0
2024-02-26;1515.0;1565.0;1510.0;1555.0
2024-02-27;1480.0;1515.0;1470.0;1515.0
2024-02-28;1490.0;1500.0;1470.0;1490.0
2024-02-29;1460.0;1505.0;1460.0;1495.0
2024-03-01;1480.0;1490.0;1465.0;1465.0
2024-03-04;1460.0;1500.0;1460.0;1495.0
2024-03-05;1460.0;1485.0;1460.0;1470.0
2024-03-06;1525.0;1540.0;1465.0;1465.0
2024-03-07;1575.0;1580.0;1535.0;1535.0
2024-03-08;1565.0;1600.0;1550.0;1595.0
2024-03-13;1620.0;1635.0;1575.0;1575.0
2024-03-14;1645.0;1645.0;1610.0;1630.0
2024-03-15;1615.0;1645.0;1610.0;1645.0
2024-03-18;1655.0;1675.0;1605.0;1615.0
2024-03-19;1660.0;1690.0;1660.0;1665.0
2024-03-20;1660.0;1670.0;1645.0;1660.0
2024-03-21;1700.0;1720.0;1680.0;1685.0
2024-03-22;1670.0;1700.0;1660.0;1700.0
2024-03-25;1660.0;1685.0;1650.0;1685.0
2024-03-26;1665.0;1675.0;1650.0;1675.0
2024-03-27;1635.0;1675.0;1625.0;1665.0
2024-03-28;1600.0;1655.0;1580.0;1640.0
2024-04-01;1580.0;1635.0;1545.0;1615.0
2024-04-02;1640.0;1640.0;1575.0;1580.0
2024-04-03;1645.0;1660.0;1630.0;1650.0
2024-04-04;1660.0;1675.0;1650.0;1660.0
2024-04-05;1670.0;1675.0;1645.0;1665.0
2024-04-16;1810.0;1810.0;1680.0;1685.0
2024-04-17;1795.0;1845.0;1775.0;1815.0
2024-04-18;1725.0;1815.0;1710.0;1800.0
2024-04-19;1760.0;1770.0;1725.0;1765.0
2024-04-22;1770.0;1800.0;1760.0;1780.0
2024-04-23;1740.0;1775.0;1730.0;1770.0
2024-04-24;1680.0;1750.0;1680.0;1745.0
2024-04-25;1590.0;1695.0;1585.0;1680.0
2024-04-26;1595.0;1615.0;1575.0;1600.0
2024-04-29;1615.0;1620.0;1570.0;1600.0
2024-04-30;1640.0;1640.0;1600.0;1625.0
2024-05-02;1510.0;1610.0;1510.0;1605.0
2024-05-03;1490.0;1535.0;1475.0;1515.0
2024-05-06;1515.0;1530.0;1490.0;1505.0
2024-05-07;1505.0;1540.0;1500.0;1530.0
2024-05-08;1535.0;1575.0;1480.0;1505.0
2024-05-13;1525.0;1550.0;1515.0;1540.0
2024-05-14;1525.0;1545.0;1515.0;1520.0
2024-05-15;1565.0;1575.0;1535.0;1535.0
2024-05-16;1565.0;1590.0;1560.0;1585.0
2024-05-17;1620.0;1635.0;1585.0;1585.0
2024-05-20;1655.0;1670.0;1645.0;1645.0
2024-05-21;1565.0;1595.0;1545.0;1545.0
2024-05-22;1525.0;1580.0;1520.0;1565.0
2024-05-27;1495.0;1535.0;1490.0;1525.0
2024-05-28;1515.0;1535.0;1500.0;1500.0
2024-05-29;1525.0;1540.0;1505.0;1525.0
2024-05-30;1490.0;1525.0;1490.0;1525.0
2024-05-31;1465.0;1510.0;1465.0;1490.0
2024-06-03;1470.0;1490.0;1465.0;1465.0
2024-06-04;1440.0;1485.0;1435.0;1470.0
2024-06-05;1340.0;1445.0;1340.0;1440.0
2024-06-06;1315.0;1380.0;1305.0;1345.0
2024-06-07;1300.0;1350.0;1300.0;1320.0
2024-06-10;1240.0;1300.0;1215.0;1290.0
2024-06-11;1255.0;1280.0;1240.0;1240.0
2024-06-12;1270.0;1270.0;1240.0;1255.0
2024-06-13;1255.0;1285.0;1255.0;1270.0
2024-06-14;1210.0;1260.0;1205.0;1255.0
2024-06-19;1215.0;1225.0;1175.0;1215.0
2024-06-20;1215.0;1225.0;1200.0;1215.0
2024-06-21;1230.0;1255.0;1220.0;1220.0
2024-06-24;1250.0;1260.0;1235.0;1235.0
2024-06-25;1225.0;1260.0;1220.0;1255.0
2024-06-26;1215.0;1235.0;1210.0;1230.0
2024-06-27;1230.0;1230.0;1200.0;1200.0
2024-06-28;1250.0;1265.0;1230.0;1235.0
2024-07-01;1305.0;1305.0;1250.0;1255.0
2024-07-02;1295.0;1315.0;1280.0;1310.0
2024-07-03;1315.0;1315.0;1280.0;1295.0
2024-07-04;1325.0;1335.0;1320.0;1325.0
2024-07-05;1310.0;1330.0;1305.0;1325.0
2024-07-08;1365.0;1365.0;1315.0;1315.0
2024-07-09;1345.0;1375.0;1340.0;1365.0
2024-07-10;1345.0;1365.0;1345.0;1350.0
2024-07-11;1360.0;1365.0;1320.0;1345.0
2024-07-12;1360.0;1380.0;1350.0;1365.0
2024-07-15;1350.0;1370.0;1330.0;1360.0
2024-07-16;1340.0;1365.0;1335.0;1350.0
2024-07-17;1380.0;1395.0;1355.0;1360.0
2024-07-18;1375.0;1405.0;1375.0;1395.0
2024-07-19;1350.0;1380.0;1330.0;1375.0
2024-07-22;1340.0;1360.0;1330.0;1350.0
2024-07-23;1315.0;1350.0;1305.0;1340.0
2024-07-24;1310.0;1325.0;1305.0;1315.0
2024-07-25;1280.0;1310.0;1275.0;1305.0
2024-07-26;1295.0;1300.0;1280.0;1285.0
2024-07-29;1310.0;1350.0;1310.0;1325.0
2024-07-30;1300.0;1330.0;1300.0;1320.0
2024-07-31;1315.0;1325.0;1305.0;1310.0
2024-08-01;1345.0;1355.0;1325.0;1340.0
2024-08-02;1345.0;1350.0;1320.0;1335.0
2024-08-05;1285.0;1330.0;1265.0;1330.0
2024-08-06;1295.0;1305.0;1280.0;1290.0
2024-08-07;1295.0;1315.0;1295.0;1295.0
2024-08-08;1270.0;1300.0;1270.0;1295.0
2024-08-09;1285.0;1300.0;1280.0;1285.0
2024-08-12;1310.0;1310.0;1290.0;1290.0
2024-08-13;1310.0;1330.0;1280.0;1320.0
2024-08-14;1305.0;1320.0;1290.0;1310.0
2024-08-15;1385.0;1390.0;1305.0;1310.0
2024-08-16;1460.0;1510.0;1400.0;1405.0
2024-08-19;1470.0;1510.0;1460.0;1475.0
2024-08-20;1475.0;1495.0;1455.0;1480.0
2024-08-21;1470.0;1525.0;1465.0;1485.0
2024-08-22;1440.0;1475.0;1430.0;1470.0
2024-08-23;1450.0;1465.0;1445.0;1445.0
2024-08-26;1480.0;1480.0;1450.0;1460.0
2024-08-27;1470.0;1485.0;1450.0;1480.0
2024-08-28;1450.0;1485.0;1450.0;1480.0
2024-08-29;1410.0;1455.0;1400.0;1450.0
2024-08-30;1390.0;1420.0;1390.0;1415.0
2024-09-02;1395.0;1415.0;1385.0;1400.0
2024-09-03;1370.0;1405.0;1365.0;1400.0
2024-09-04;1345.0;1370.0;1340.0;1350.0
2024-09-05;1345.0;1370.0;1330.0;1350.0
2024-09-06;1335.0;1360.0;1330.0;1345.0
2024-09-09;1320.0;1340.0;1305.0;1335.0
2024-09-10;1320.0;1335.0;1305.0;1320.0
2024-09-11;1315.0;1345.0;1315.0;1320.0
2024-09-12;1345.0;1360.0;1315.0;1325.0
2024-09-13;1335.0;1370.0;1330.0;1365.0
2024-09-17;1380.0;1390.0;1345.0;1350.0
2024-09-18;1365.0;1380.0;1365.0;1380.0
2024-09-19;1375.0;1380.0;1360.0;1365.0
2024-09-20;1370.0;1385.0;1365.0;1380.0
2024-09-23;1395.0;1410.0;1380.0;1380.0
2024-09-24;1410.0;1410.0;1385.0;1400.0
2024-09-25;1440.0;1445.0;1405.0;1420.0
2024-09-26;1425.0;1450.0;1415.0;1450.0
2024-09-27;1470.0;1480.0;1425.0;1430.0
2024-09-30;1480.0;1490.0;1435.0;1480.0
2024-10-01;1500.0;1510.0;1480.0;1490.0
2024-10-02;1535.0;1570.0;1480.0;1510.0
2024-10-03;1535.0;1590.0;1535.0;1550.0
2024-10-04;1525.0;1545.0;1500.0;1535.0
2024-10-07;1545.0;1555.0;1525.0;1530.0
2024-10-08;1525.0;1575.0;1505.0;1545.0
2024-10-09;1515.0;1525.0;1490.0;1515.0
2024-10-10;1535.0;1540.0;1515.0;1515.0
2024-10-11;1565.0;1565.0;1535.0;1545.0
2024-10-14;1630.0;1640.0;1565.0;1575.0
2024-10-15;1600.0;1630.0;1590.0;1630.0
2024-10-16;1570.0;1600.0;1570.0;1600.0
2024-10-17;1620.0;1625.0;1570.0;1585.0
2024-10-18;1625.0;1635.0;1605.0;1630.0
2024-10-21;1690.0;1765.0;1640.0;1645.0
2024-10-22;1670.0;1700.0;1660.0;1695.0
2024-10-23;1650.0;1685.0;1640.0;1680.0
2024-10-24;1620.0;1650.0;1620.0;1640.0
2024-10-25;1585.0;1655.0;1585.0;1620.0
2024-10-28;1610.0;1640.0;1590.0;1590.0
2024-10-29;1615.0;1625.0;1595.0;1620.0
2024-10-30;1630.0;1650.0;1610.0;1620.0
2024-10-31;1600.0;1605.0;1540.0;1605.0
2024-11-01;1520.0;1590.0;1515.0;1590.0
2024-11-04;1525.0;1560.0;1480.0;1520.0
2024-11-05;1575.0;1575.0;1525.0;1525.0
2024-11-06;1540.0;1590.0;1530.0;1575.0
2024-11-07;1575.0;1580.0;1480.0;1520.0
2024-11-08;1585.0;1610.0;1565.0;1595.0
2024-11-11;1530.0;1580.0;1515.0;1580.0
2024-11-12;1565.0;1565.0;1510.0;1510.0
2024-11-13;1500.0;1560.0;1495.0;1560.0
2024-11-14;1480.0;1500.0;1455.0;1500.0
2024-11-15;1400.0;1480.0;1385.0;1470.0
2024-11-18;1395.0;1425.0;1395.0;1405.0
2024-11-19;1475.0;1485.0;1410.0;1410.0
2024-11-20;1470.0;1510.0;1460.0;1490.0
2024-11-21;1490.0;1500.0;1465.0;1475.0
2024-11-22;1450.0;1495.0;1450.0;1495.0
2024-11-25;1485.0;1485.0;1435.0;1460.0
2024-11-26;1450.0;1485.0;1445.0;1485.0
2024-11-28;1420.0;1475.0;1420.0;1455.0
2024-11-29;1430.0;1445.0;1395.0;1420.0
2024-12-02;1410.0;1435.0;1410.0;1410.0
2024-12-03;1450.0;1470.0;1410.0;1410.0
2024-12-04;1465.0;1470.0;1440.0;1445.0
2024-12-05;1490.0;1495.0;1450.0;1470.0
2024-12-06;1485.0;1495.0;1465.0;1490.0
2024-12-09;1490.0;1510.0;1480.0;1485.0
2024-12-10;1625.0;1630.0;1500.0;1500.0
2024-12-11;1600.0;1655.0;1580.0;1625.0
2024-12-12;1615.0;1635.0;1585.0;1605.0
2024-12-13;1585.0;1615.0;1575.0;1615.0
2024-12-16;1560.0;1585.0;1545.0;1570.0
2024-12-17;1510.0;1565.0;1500.0;1565.0
2024-12-18;1515.0;1535.0;1495.0;1510.0
2024-12-19;1470.0;1495.0;1445.0;1495.0
2024-12-20;1420.0;1475.0;1420.0;1465.0
2024-12-23;1455.0;1455.0;1425.0;1425.0
2024-12-24;1435.0;1465.0;1435.0;1460.0
2024-12-27;1525.0;1535.0;1440.0;1440.0
2024-12-30;1525.0;1545.0;1490.0;1525.0
2025-01-02;1545.0;1560.0;1520.0;1530.0
2025-01-03;1520.0;1560.0;1520.0;1560.0
2025-01-06;1465.0;1540.0;1460.0;1525.0
2025-01-07;1435.0;1480.0;1430.0;1470.0
2025-01-08;1430.0;1465.0;1425.0;1445.0
2025-01-09;1420.0;1440.0;1410.0;1435.0
2025-01-10;1465.0;1480.0;1425.0;1425.0
2025-01-13;1480.0;1495.0;1455.0;1475.0
2025-01-14;1520.0;1535.0;1465.0;1480.0
2025-01-15;1530.0;1530.0;1505.0;1520.0
2025-01-16;1520.0;1550.0;1510.0;1535.0
2025-01-17;1520.0;1540.0;1505.0;1530.0
2025-01-20;1510.0;1535.0;1500.0;1515.0
2025-01-21;1510.0;1525.0;1500.0;1510.0
2025-01-22;1520.0;1540.0;1510.0;1515.0
2025-01-23;1490.0;1525.0;1480.0;1525.0
2025-01-24;1490.0;1505.0;1475.0;1490.0
2025-01-30;1395.0;1490.0;1385.0;1490.0
2025-01-31;1390.0;1420.0;1385.0;1405.0
2025-02-03;1380.0;1405.0;1355.0;1395.0
2025-02-04;1400.0;1420.0;1395.0;1395.0
2025-02-05;1450.0;1450.0;1395.0;1410.0
2025-02-06;1400.0;1455.0;1385.0;1450.0
2025-02-07;1430.0;1435.0;1365.0;1400.0
2025-02-10;1385.0;1435.0;1380.0;1435.0
2025-02-11;1400.0;1420.0;1380.0;1405.0
2025-02-12;1395.0;1405.0;1380.0;1405.0
2025-02-13;1470.0;1470.0;1395.0;1395.0
2025-02-14;1530.0;1535.0;1475.0;1475.0
2025-02-17;1555.0;1560.0;1515.0;1530.0
2025-02-18;1550.0;1570.0;1535.0;1555.0
2025-02-19;1575.0;1595.0;1560.0;1565.0
2025-02-20;1685.0;1690.0;1570.0;1575.0
2025-02-21;1620.0;1685.0;1620.0;1685.0
2025-02-24;1640.0;1675.0;1630.0;1630.0
2025-02-25;1635.0;1665.0;1600.0;1650.0
2025-02-26;1630.0;1640.0;1605.0;1635.0
2025-02-27;1625.0;1650.0;1610.0;1630.0
2025-02-28;1585.0;1615.0;1505.0;1615.0
2025-03-03;1585.0;1610.0;1555.0;1580.0
2025-03-04;1540.0;1615.0;1530.0;1595.0
2025-03-05;1620.0;1630.0;1545.0;1545.0
2025-03-06;1625.0;1645.0;1615.0;1620.0
2025-03-07;1630.0;1655.0;1615.0;1625.0
2025-03-10;1490.0;1610.0;1475.0;1600.0
2025-03-11;1520.0;1525.0;1465.0;1490.0
2025-03-12;1545.0;1585.0;1530.0;1545.0
2025-03-13;1535.0;1570.0;1520.0;1550.0
2025-03-14;1590.0;1615.0;1560.0;1560.0
2025-03-17;1655.0;1690.0;1615.0;1620.0
2025-03-18;1635.0;1670.0;1545.0;1660.0
2025-03-19;1660.0;1670.0;1620.0;1640.0
2025-03-20;1645.0;1685.0;1640.0;1660.0
2025-03-21;1585.0;1650.0;1580.0;1645.0
2025-03-24;1590.0;1620.0;1535.0;1585.0
2025-03-25;1600.0;1615.0;1555.0;1595.0
2025-03-26;1650.0;1660.0;1615.0;1620.0
2025-03-27;1635.0;1650.0;1610.0;1650.0
2025-04-08;1400.0;1480.0;1390.0;1450.0
2025-04-09;1475.0;1580.0;1415.0;1415.0
2025-04-10;1630.0;1680.0;1575.0;1575.0
2025-04-11;1690.0;1745.0;1650.0;1660.0
2025-04-14;1830.0;1850.0;1740.0;1740.0
2025-04-15;1860.0;1960.0;1820.0;1865.0
2025-04-16;1925.0;1940.0;1860.0;1910.0
2025-04-17;1945.0;1970.0;1925.0;1950.0
2025-04-21;2090.0;2090.0;1965.0;1980.0
2025-04-22;2190.0;2210.0;2130.0;2130.0
2025-04-23;2070.0;2160.0;2030.0;2160.0
2025-04-24;2150.0;2150.0;2090.0;2110.0
2025-04-25;2140.0;2190.0;2120.0;2180.0
2025-04-28;2130.0;2160.0;2090.0;2140.0
2025-04-29;2180.0;2180.0;2140.0;2150.0
2025-04-30;2170.0;2300.0;2160.0;2190.0
2025-05-02;2290.0;2340.0;2240.0;2270.0
2025-05-05;2320.0;2340.0;2270.0;2280.0
2025-05-06;2540.0;2540.0;2360.0;2360.0
2025-05-07;2750.0;2780.0;2550.0;2560.0
2025-05-08;2610.0;2860.0;2600.0;2780.0
2025-05-09;2680.0;2690.0;2590.0;2600.0
2025-05-14;2550.0;2630.0;2460.0;2620.0
2025-05-15;2550.0;2660.0;2500.0;2530.0
2025-05-16;2640.0;2670.0;2600.0;2660.0
2025-05-19;2720.0;2730.0;2640.0;2670.0
2025-05-20;2730.0;2740.0;2660.0;2720.0
2025-05-21;2910.0;2920.0;2770.0;2780.0
2025-05-22;2960.0;3080.0;2930.0;2990.0
2025-05-23;3130.0;3130.0;2980.0;2980.0
2025-05-26;3110.0;3280.0;3030.0;3170.0
2025-05-27;3030.0;3120.0;3010.0;3110.0
2025-05-28;3110.0;3220.0;3030.0;3030.0
2025-06-02;3320.0;3330.0;3160.0;3170.0
2025-06-03;3360.0;3390.0;3260.0;3350.0
2025-06-04;3550.0;3660.0;3390.0;3400.0
2025-06-05;3450.0;3620.0;3430.0;3590.0
2025-06-10;3260.0;3420.0;3230.0;3350.0
2025-06-11;3280.0;3370.0;3210.0;3260.0
2025-06-12;3170.0;3330.0;3130.0;3320.0
2025-06-13;3300.0;3340.0;3240.0;3270.0
2025-06-16;3280.0;3370.0;3230.0;3330.0
2025-06-17;3470.0;3490.0;3240.0;3280.0
2025-06-18;3550.0;3590.0;3470.0;3500.0
2025-06-19;3330.0;3580.0;3300.0;3560.0
2025-06-20;3200.0;3340.0;3160.0;3330.0
2025-06-23;3190.0;3290.0;3060.0;3070.0
2025-06-24;3090.0;3240.0;3070.0;3190.0
2025-06-25;2930.0;3140.0;2900.0;3100.0
2025-06-26;2940.0;2970.0;2830.0;2930.0
2025-06-30;3040.0;3070.0;2830.0;2910.0
2025-07-01;3070.0;3100.0;3010.0;3070.0
2025-07-02;2990.0;3070.0;2960.0;3060.0
2025-07-03;3120.0;3160.0;2990.0;2990.0
2025-07-04;3000.0;3120.0;3000.0;3120.0
2025-07-07;2910.0;2980.0;2870.0;2980.0
2025-07-08;2930.0;2990.0;2900.0;2950.0
2025-07-09;2920.0;2960.0;2880.0;2940.0
2025-07-10;2990.0;3070.0;2940.0;2960.0
2025-07-11;2990.0;3020.0;2960.0;3000.0
2025-07-14;3030.0;3060.0;2960.0;3030.0
2025-07-15;3000.0;3030.0;2960.0;3030.0
2025-07-16;2990.0;3010.0;2940.0;2990.0
2025-07-17;3010.0;3070.0;2990.0;3010.0
2025-07-18;2970.0;3030.0;2940.0;3020.0
2025-07-21;3190.0;3210.0;2950.0;2990.0
2025-07-22;2960.0;3270.0;2950.0;3250.0
2025-07-23;3040.0;3040.0;2870.0;3010.0
2025-07-24;3030.0;3070.0;2980.0;3020.0
2025-07-25;2970.0;3040.0;2950.0;3040.0
2025-07-28;2970.0;3030.0;2950.0;2970.0
2025-07-29;3000.0;3020.0;2970.0;2970.0
2025-07-30;2990.0;3050.0;2970.0;3010.0
2025-07-31;2850.0;2970.0;2770.0;2950.0
2025-08-01;2880.0;2920.0;2830.0;2860.0
2025-08-04;2910.0;2970.0;2890.0;2920.0
2025-08-05;2940.0;3050.0;2910.0;2930.0
2025-08-06;3080.0;3100.0;2970.0;2970.0
2025-08-07;3150.0;3250.0;3070.0;3100.0
2025-08-08;3090.0;3170.0;3020.0;3160.0
2025-08-11;2940.0;3070.0;2930.0;3060.0
2025-08-12;2900.0;2950.0;2870.0;2940.0
2025-08-13;2910.0;2960.0;2880.0;2930.0
2025-08-14;2890.0;2940.0;2890.0;2920.0
2025-08-15;2900.0;2920.0;2860.0;2900.0
2025-08-19;2810.0;2910.0;2810.0;2900.0
2025-08-20;2840.0;2840.0;2790.0;2810.0
2025-08-21;2830.0;2880.0;2810.0;2860.0
2025-08-22;2820.0;2870.0;2820.0;2840.0
2025-08-25;2870.0;2900.0;2840.0;2850.0
2025-08-26;2880.0;2920.0;2880.0;2890.0
2025-08-27;2960.0;2990.0;2890.0;2920.0
2025-08-28;2980.0;3020.0;2920.0;3000.0
2025-08-29;3040.0;3050.0;2880.0;2960.0
2025-09-01;3200.0;3280.0;2950.0;2950.0
2025-09-02;3470.0;3480.0;3290.0;3300.0
2025-09-03;3480.0;3580.0;3360.0;3520.0
2025-09-04;3390.0;3470.0;3370.0;3470.0
2025-09-08;3610.0;3710.0;3450.0;3470.0
2025-09-09;3660.0;3930.0;3590.0;3680.0
2025-09-10;3510.0;3600.0;3470.0;3580.0
2025-09-11;3390.0;3570.0;3380.0;3520.0
2025-09-12;3490.0;3520.0;3420.0;3430.0
2025-09-15;3490.0;3530.0;3430.0;3490.0
2025-09-16;3600.0;3600.0;3500.0;3550.0
2025-09-17;3460.0;3580.0;3450.0;3570.0
2025-09-18;3420.0;3490.0;3400.0;3490.0
2025-09-19;3450.0;3580.0;3420.0;3420.0
2025-09-22;3580.0;3580.0;3500.0;3520.0
2025-09-23;3670.0;3730.0;3600.0;3650.0
2025-09-24;3470.0;3620.0;3460.0;3610.0
2025-09-25;3170.0;3400.0;3150.0;3350.0
2025-09-26;3210.0;3220.0;3110.0;3180.0
2025-09-29;3300.0;3330.0;3220.0;3250.0
2025-09-30;3160.0;3350.0;3150.0;3340.0
2025-10-01;3210.0;3230.0;3160.0;3200.0
2025-10-02;3110.0;3200.0;3100.0;3190.0
2025-10-03;3200.0;3220.0;3110.0;3120.0
2025-10-06;3190.0;3300.0;3180.0;3260.0
2025-10-07;3140.0;3250.0;3130.0;3220.0
2025-10-08;3330.0;3380.0;3150.0;3170.0
2025-10-09;3220.0;3350.0;3190.0;3340.0
2025-10-10;3310.0;3340.0;3190.0;3200.0
2025-10-13;3370.0;3430.0;3290.0;3310.0
2025-10-14;3350.0;3500.0;3230.0;3440.0
2025-10-15;3400.0;3460.0;3310.0;3410.0
2025-10-16;3430.0;3540.0;3400.0;3450.0
2025-10-17;3450.0;3530.0;3370.0;3470.0
2025-10-20;3270.0;3450.0;3270.0;3450.0
2025-10-21;3290.0;3350.0;3270.0;3340.0
2025-10-22;3170.0;3230.0;3120.0;3150.0
2025-10-23;3190.0;3210.0;3170.0;3180.0
2025-10-24;3130.0;3210.0;3120.0;3190.0
2025-10-27;3150.0;3210.0;3100.0;3150.0
2025-10-28;3100.0;3130.0;3020.0;3120.0
2025-10-29;3200.0;3220.0;3110.0;3110.0
2025-10-30;3120.0;3210.0;3120.0;3200.0
2025-10-31;3100.0;3180.0;3100.0;3160.0
2025-11-03;3110.0;3130.0;3080.0;3100.0
2025-11-04;2960.0;3110.0;2960.0;3110.0
2025-11-05;2980.0;3000.0;2910.0;2950.0
2025-11-06;2930.0;2980.0;2920.0;2980.0
2025-11-07;2900.0;2940.0;2900.0;2930.0
2025-11-10;2910.0;2960.0;2870.0;2930.0
2025-11-11;2880.0;2960.0;2880.0;2940.0
2025-11-12;2880.0;2910.0;2860.0;2900.0
2025-11-13;2890.0;2920.0;2880.0;2910.0
2025-11-14;3040.0;3060.0;2860.0;2900.0
2025-11-17;3060.0;3130.0;2960.0;3040.0
2025-11-18;3010.0;3100.0;3010.0;3060.0
2025-11-19;3000.0;3050.0;3000.0;3010.0
2025-11-20;2980.0;3030.0;2980.0;3010.0
2025-11-21;2910.0;2990.0;2910.0;2980.0
2025-11-24;2930.0;2970.0;2890.0;2940.0
2025-11-25;3000.0;3050.0;2930.0;2960.0
2025-11-26;3030.0;3070.0;2980.0;3020.0
2025-11-27;3000.0;3060.0;3000.0;3040.0
2025-11-28;2910.0;3030.0;2900.0;3010.0
2025-12-01;2990.0;3020.0;2940.0;2940.0
2025-12-02;2980.0;3000.0;2950.0;2990.0
2025-12-03;2920.0;3000.0;2920.0;2990.0
2025-12-04;2900.0;2950.0;2900.0;2930.0
2025-12-05;2910.0;2940.0;2900.0;2910.0
2025-12-08;2970.0;2990.0;2920.0;2920.0
2025-12-09;2920.0;2990.0;2910.0;2980.0
2025-12-10;2930.0;2950.0;2910.0;2950.0
2025-12-11;2890.0;2980.0;2870.0;2950.0
2025-12-12;3050.0;3130.0;2900.0;2910.0
2025-12-15;3030.0;3130.0;2980.0;3110.0
2025-12-16;2970.0;3040.0;2960.0;3030.0
2025-12-17;3020.0;3090.0;2990.0;2990.0
2025-12-18;3110.0;3110.0;3020.0;3040.0
2025-12-19;3070.0;3230.0;3050.0;3120.0
2025-12-22;3190.0;3220.0;3110.0;3110.0
2025-12-23;3190.0;3260.0;3170.0;3250.0
2025-12-24;3220.0;3290.0;3180.0;3240.0
2025-12-29;3300.0;3420.0;3240.0;3240.0
2025-12-30;3150.0;3270.0;3130.0;3270.0
